Expected Annual Damage,Total Investment Costs,Expected Number of Deaths
2191992205.321393,0.0,1.615021220650817
1577047890.7521238,0.0,3.5886247240883997
4215245229.7049427,0.0,2.78373389644786
1965754520.1061378,0.0,1.9086581587362677
110969475.52428749,0.0,0.10641376532737068
64075866.54745601,0.0,0.06043603035509844
548602822.4203548,0.0,0.45483550562929687
2639664618.6795926,0.0,3.568787362214701
2984104209.9329534,0.0,2.5706944787541097
1642488824.1505866,0.0,1.2238574119167422
