0_RfR 0,0_RfR 1,0_RfR 2,1_RfR 0,1_RfR 1,1_RfR 2,2_RfR 0,2_RfR 1,2_RfR 2,3_RfR 0,3_RfR 1,3_RfR 2,4_RfR 0,4_RfR 1,4_RfR 2,EWS_DaysToThreat,A.1_DikeIncrease 0,A.1_DikeIncrease 1,A.1_DikeIncrease 2,A.2_DikeIncrease 0,A.2_DikeIncrease 1,A.2_DikeIncrease 2,A.3_DikeIncrease 0,A.3_DikeIncrease 1,A.3_DikeIncrease 2,A.4_DikeIncrease 0,A.4_DikeIncrease 1,A.4_DikeIncrease 2,A.5_DikeIncrease 0,A.5_DikeIncrease 1,A.5_DikeIncrease 2,Expected Annual Damage,Dike Investment Costs,RfR Investment Costs,Evacuation Costs,Expected Number of Deaths
0,0,1,0,1,0,0,0,1,0,0,0,0,0,0,3,10,7,4,4,4,4,4,9,0,3,1,3,6,0,6,0.0,646884101.4004898,333100000.0,0.0,0.0
0,0,0,0,1,0,1,1,1,0,0,0,0,0,0,1,4,10,2,2,9,9,8,10,4,7,6,10,1,2,2,14362109.166047785,774840068.7959297,309900000.0,478.334452295269,0.005199877809918159
0,0,1,0,0,1,0,0,0,1,0,1,1,0,0,0,1,0,8,5,0,2,0,0,10,3,6,9,0,1,8,30735514.34369728,387960276.46852064,800900000.0,0.0,0.06006425128508728
1,1,0,1,0,1,0,1,0,1,1,0,0,0,0,4,0,4,2,4,1,4,0,3,7,4,10,2,0,5,3,8340137.4686507145,430064787.65925366,877900000.0,478.6551054747995,0.0019415556816537516
1,1,0,0,0,0,0,1,1,1,1,1,1,1,0,3,0,1,2,0,0,4,10,9,2,3,6,8,4,4,0,2709074.8820500225,383323483.7773571,1106400000.0,161.8880781877785,0.0003314638974771444
1,0,0,1,1,1,1,0,0,0,1,1,1,0,0,2,2,10,2,6,3,0,7,1,5,6,4,2,5,0,3,0.0,524174541.16454166,1267200000.0,0.0,0.0
0,0,1,0,1,0,1,0,1,1,0,0,0,0,0,4,1,3,3,2,0,10,7,1,1,9,6,9,5,3,8,0.0,561730823.6981019,485000000.0,0.0,0.0
0,0,0,1,0,0,1,0,0,0,0,0,0,0,0,1,9,6,0,6,3,8,1,0,1,9,3,4,5,8,8,16910382.028667055,656371838.7128513,248500000.0,398.72804811754315,0.011943627959233104
