0_RfR 0,0_RfR 1,0_RfR 2,1_RfR 0,1_RfR 1,1_RfR 2,2_RfR 0,2_RfR 1,2_RfR 2,3_RfR 0,3_RfR 1,3_RfR 2,4_RfR 0,4_RfR 1,4_RfR 2,EWS_DaysToThreat,A.1_DikeIncrease 0,A.1_DikeIncrease 1,A.1_DikeIncrease 2,A.2_DikeIncrease 0,A.2_DikeIncrease 1,A.2_DikeIncrease 2,A.3_DikeIncrease 0,A.3_DikeIncrease 1,A.3_DikeIncrease 2,A.4_DikeIncrease 0,A.4_DikeIncrease 1,A.4_DikeIncrease 2,A.5_DikeIncrease 0,A.5_DikeIncrease 1,A.5_DikeIncrease 2,Expected Annual Damage,Dike Investment Costs,RfR Investment Costs,Evacuation Costs,Expected Number of Deaths
1,1,0,0,0,1,1,0,1,0,0,0,0,0,0,3,1,2,8,4,3,2,2,6,1,9,1,6,5,6,7,0.0,592760689.0847995,448400000.0,0.0,0.0
1,0,0,1,0,0,1,0,0,0,1,0,0,1,0,3,1,1,9,3,0,2,2,6,4,1,10,0,2,8,9,0.0,524332219.55015785,710400000.0,0.0,0.0
1,0,0,0,1,0,0,0,0,1,0,0,1,0,0,3,2,2,8,1,1,0,5,7,7,1,7,10,1,5,10,0.0,544546931.7428046,679700000.0,0.0,0.0
1,0,1,0,0,1,1,0,0,0,0,0,1,0,0,2,8,2,2,0,0,6,1,1,10,6,0,5,1,7,2,1209472.176924282,464753479.604967,673800000.0,77.75786516921056,0.0002671647757629763
1,0,0,0,0,1,1,0,0,0,1,1,1,0,0,2,5,3,0,3,0,0,2,5,4,5,1,2,7,4,4,0.0,400454384.9902387,831600000.0,0.0,0.0
