,Costs A1,Costs A2,Costs A3,Costs A4,Costs A5,Deaths A1,Deaths A2,Deaths A3,Deaths A4,Deaths A5
Policy0_0,1172700479.2923253,154248721.0107182,429976059.18432325,19009431.68399279,63627145.05742731,0.7992989685989346,0.14001706800681457,0.7451590882084529,0.008403453666951418,0.055619642403369016
Policy1_1,580924443.9105718,190901623.56291384,276865573.75483865,32439846.27023191,132114143.47477348,0.3259990588233664,0.06869535852059329,0.37792322621025143,0.0060208256606274395,0.04928892397335626
Policy1_2,580924443.9105718,190901623.56291384,276865573.75483865,32439846.27023191,132114143.47477348,0.3259990588233664,0.06869535852059329,0.37792322621025143,0.0060208256606274395,0.04928892397335626
